,count,mean,median,mode,std,var,min,q1,q2,q3,max
carat,53943,0.7979346717831787,0.7,0.3,0.4739985530964583,0.22467462833753596,0.2,0.4,0.7,1.04,5.01
depth,53943,61.74932243293848,61.8,62.0,1.4326262660399998,2.052418018147712,43.0,61.0,61.8,62.5,79.0
table,53943,57.45725117253397,57.0,56.0,2.234548953274335,4.993209024579425,43.0,56.0,57.0,59.0,95.0
price,53943,3932.734293606214,2401.0,605.0,3989.3384468242402,15914821.24331004,326.0,950.0,2401.0,5324.0,18823.0
x,53943,5.731158074263575,5.7,4.37,1.121729585790124,1.258277263636883,0.0,4.71,5.7,6.54,10.74
y,53943,5.734526444580392,5.71,4.34,1.14210291928209,1.3043990782326722,0.0,4.72,5.71,6.54,58.9
z,53943,3.5387295849322435,3.53,2.7,0.7056794713896667,0.49798351634079946,0.0,2.91,3.53,4.04,31.8
